Scenario,Transport Cost (₹),Expected Penalty (₹),Total Expected Cost (₹),Savings vs Naive (₹),Savings vs Naive (%)
Naive (Nearest Mine),1298158488.0,6035097.824712235,1304193585.8247123,0.0,0.0
Deterministic LP,843803017.2000002,621903853.1556188,1465706870.355619,-161513284.53090668,-12.38
Stochastic,949304402.9070137,295028738.72779566,1244333141.6348093,59860444.18990302,4.59
